moduloId,titulo,numero,cursoId
M0001,Modulo M0001 de C001,1,C001
M0002,Modulo M0002 de C001,2,C001
M0003,Modulo M0003 de C001,3,C001
M0004,Modulo M0004 de C002,1,C002
M0005,Modulo M0005 de C002,2,C002
M0006,Modulo M0006 de C002,3,C002
M0007,Modulo M0007 de C002,4,C002
M0008,Modulo M0008 de C003,1,C003
M0009,Modulo M0009 de C003,2,C003
M0010,Modulo M0010 de C003,3,C003
M0011,Modulo M0011 de C004,1,C004
M0012,Modulo M0012 de C004,2,C004
M0013,Modulo M0013 de C004,3,C004
M0014,Modulo M0014 de C004,4,C004
M0015,Modulo M0015 de C005,1,C005
M0016,Modulo M0016 de C005,2,C005
M0017,Modulo M0017 de C005,3,C005
M0018,Modulo M0018 de C006,1,C006
M0019,Modulo M0019 de C006,2,C006
M0020,Modulo M0020 de C006,3,C006
M0021,Modulo M0021 de C006,4,C006
M0022,Modulo M0022 de C007,1,C007
M0023,Modulo M0023 de C007,2,C007
M0024,Modulo M0024 de C007,3,C007
M0025,Modulo M0025 de C008,1,C008
M0026,Modulo M0026 de C008,2,C008
M0027,Modulo M0027 de C008,3,C008
M0028,Modulo M0028 de C008,4,C008
M0029,Modulo M0029 de C009,1,C009
M0030,Modulo M0030 de C009,2,C009
M0031,Modulo M0031 de C009,3,C009
M0032,Modulo M0032 de C010,1,C010
M0033,Modulo M0033 de C010,2,C010
M0034,Modulo M0034 de C010,3,C010
M0035,Modulo M0035 de C010,4,C010
M0036,Modulo M0036 de C011,1,C011
M0037,Modulo M0037 de C011,2,C011
M0038,Modulo M0038 de C011,3,C011
M0039,Modulo M0039 de C012,1,C012
M0040,Modulo M0040 de C012,2,C012
M0041,Modulo M0041 de C012,3,C012
M0042,Modulo M0042 de C012,4,C012
M0043,Modulo M0043 de C013,1,C013
M0044,Modulo M0044 de C013,2,C013
M0045,Modulo M0045 de C013,3,C013
M0046,Modulo M0046 de C014,1,C014
M0047,Modulo M0047 de C014,2,C014
M0048,Modulo M0048 de C014,3,C014
M0049,Modulo M0049 de C014,4,C014
M0050,Modulo M0050 de C015,1,C015
M0051,Modulo M0051 de C015,2,C015
M0052,Modulo M0052 de C015,3,C015
M0053,Modulo M0053 de C016,1,C016
M0054,Modulo M0054 de C016,2,C016
M0055,Modulo M0055 de C016,3,C016
M0056,Modulo M0056 de C016,4,C016
M0057,Modulo M0057 de C017,1,C017
M0058,Modulo M0058 de C017,2,C017
M0059,Modulo M0059 de C017,3,C017
M0060,Modulo M0060 de C018,1,C018
M0061,Modulo M0061 de C018,2,C018
M0062,Modulo M0062 de C018,3,C018
M0063,Modulo M0063 de C018,4,C018
M0064,Modulo M0064 de C019,1,C019
M0065,Modulo M0065 de C019,2,C019
M0066,Modulo M0066 de C019,3,C019
M0067,Modulo M0067 de C020,1,C020
M0068,Modulo M0068 de C020,2,C020
M0069,Modulo M0069 de C020,3,C020
M0070,Modulo M0070 de C020,4,C020
